Cliente;rede;uf;vendedor;codigo;loja;endereco;bairro;municipio;cep
Armazem Cecilio Mota;Outros;BA;Antonio;6006;1;RUA J J SEABRA 126;ESTACAO;JACOBINA;44700-000
Assai Aeroporto;Assai;SE;Nixon;1899;43;AV MELICIO MACHADO 240;AEROPORTO;ARACAJU;49038-443
Assai Barris;Assai;BA;Nixon;1899;51;R DO SALETE 30;BARRIS;SALVADOR;40070-200
Assai Cabula;Assai;BA;Nixon;1899;52;R SILVEIRA MARTINS 000119;CABULA;SALVADOR;41150-000
Assai Calcada;Assai;BA;Nixon;1899;39;R LUIZ REGIS PACHECO 368;URUGUAI;SALVADOR;40451-360
Assai Camacari;Assai;BA;Nixon;1899;35;AVENIDA JORGE AMADO;INDUSTRIAL;CAMACARI;42800-311
Assai Feira Sobradinho;Assai;BA;Nixon;1899;13;AVENIDA EDUARDO FROES DE MOTA  SN;SOBRADINHO;FEIRA DE SANTANA;44021-215
Assai Imbui;Assai;BA;Nixon;1899;74;AV LUIS VIANA FILHO 3056;IMBUI;SALVADOR;41720-200
Assai Inacio Barbosa;Assai;SE;Nixon;1899;54;AV ADELIA FRANCO 3735;INACIO BARBOSA;ARACAJU;49040-020
Assai Itabaiana;Assai;SE;Nixon;1899;44;AV EDUARDO PAIXAO ROCHA 1667;PORTO;ITABAIANA;49510-190
Assai Jequie;Assai;BA;Nixon;1899;15;AVENIDA CESAS BORGES SN;SAO JUDAS TADEU;JEQUIE;45203-830
Assai Juazeiro;Assai;BA;Antonio;1899;81;AVENIDA SAO JOAO 1947;JARDIM VITORIA;JUAZEIRO;48900-441
Assai Lauro De Freitas;Assai;BA;Nixon;1899;34;AV SANTOS DUMONT 2239;ESTRADA DO COCO;LAURO DE FREITAS;42700-130
Assai Luis Anselmo;Assai;BA;Nixon;1899;67;AV ANTONIO CARLOS MAGALHAES 001400;LUIS ANSELMO;SALVADOR;40260-700
Assai Mussurunga;Assai;BA;Nixon;1899;37;R PROFESSOR PLINIO GARCEZ DE SENA  1240;MUSSURUNGA I;SALVADOR;41490-340
Assai Norte;Assai;SE;Nixon;1899;42;R SIMEAO AGUIAR 430;JOSE CONRADO DE ARAUJO;ARACAJU;49085-410
Assai Nossa Sra Do Socorro;Assai;SE;Nixon;1899;66;AV EIXO ESTRUTURAL B SN;DISTRITO;NOSSA SENHORA DO SOCORRO;49160-000
Assai Paripe;Assai;BA;Nixon;1899;36;AV AFRANIO PEIXOTO  SN;PARIPE;SALVADOR;40800-570
Assai Pau Da Lima;Assai;BA;Nixon;1899;38;AV ALIOMAR BALEEIRO  2249;VILA CANARIA;SALVADOR;41390-710
Assai Petrolina;Assai;PE;Antonio;1899;79;AV SETE DE SETEMBRO SN;ANTONIO CASSIMIRO;PETROLINA;56330-900
Assai Serrinha;Assai;BA;Nixon;1899;41;AV LOMANTO JUNIOR MARGEM BR 116 SN;CIDADE NOVA;SERRINHA;48700-000
Assai Sr Do Bonfim;Assai;BA;Antonio;1899;80;RUA OTAVIO JOSE DE CARVALHO 650;UMBURANA;SENHOR DO BONFIM;48970-000
Assai Tomba Feira;Assai;BA;Nixon;1899;75;AV EDUARDO FROES DA MOTA 2500;TOMBA;FEIRA DE SANTANA;44090-156
Assai Vasco Da Gama;Assai;BA;Nixon;1899;53;AV VASCO DA GAMA 4049;FEDERACAO;SALVADOR;40230-731
Assai Vitoria da Conquista;Assai;BA;Nixon;1899;12;AVENIDA ANEL DE CONTORNO SN;FELICIA;VITORIA DA CONQUISTA;45055-686
Atac Aracaju;Atacadao;SE;Nixon;2;29;AV CHANCELER OSVALDO ARANHA 2445;NOVO PARAISO;ARACAJU;49082-110
Atac Barros Reis;Atacadao;BA;Nixon;2;25;AV BARROS REIS 1579;CABULA;SALVADOR;40310-010
Atac Cabula;Atacadao;BA;Nixon;48;20;R SILVEIRA MARTINS 2233;CABULA;SALVADOR;41150-000
Atac Cajazeiras;Atacadao;BA;Nixon;2;27;R COQUEIRO GRANDE 614;CAJAZEIRAS;SALVADOR;41342-840
Atac Camacari;Atacadao;BA;Nixon;2;38;V PARAFUSO (ANTIGA BA-535);POLO PETROQUIMICO;CAMACARI;42810-200
Atac Camacari Centro;Atacadao;BA;Nixon;48;17;AV DEPUTADO LUIS EDUARDO MAGALHAES;CENTRO;CAMACARI;42800-071
Atac Canabrava;Atacadao;BA;Nixon;48;35;RUA ARTEMIO CASTRO VALENTE 000396;CANABRAVA;SALVADOR;41260-300
Atac Eunapolis;Atacadao;BA;Nixon;2;31;AV ANTONIO CARLOS MAGALHAES SN;RECANTO DAS ARVORES;EUNAPOLIS;45825-580
Atac Feira Santana;Atacadao;BA;Nixon;2;28;AV EDUARDO FROES DA MOTA 5500;MORADA DAS ARVORES;FEIRA DE SANTANA;44021-210
Atac Ilheus;Atacadao;BA;Nixon;2;32;ROD BR 415 SN;SALOBRINHO;ILHEUS;45662-000
Atac Juazeiro Ba;Atacadao;BA;Nixon;2;30;ROD BR 407 KM 06 AREA 01 A SN;ZONA URBANA;JUAZEIRO;48900-000
Atac Lauro Freitas;Atacadao;BA;Nixon;2;26;AV SANTOS DUMONT SN;LAURO DE FREITAS;LAURO DE FREITAS;42700-000
Atac Mares;Atacadao;BA;Nixon;48;8;AV COMENDADOR BASTOS SN;MARES;SALVADOR;40445-211
Atac Petrolina;Atacadao;PE;Antonio;2;51;AV DR. ULYSSES GUIMARAES SN;JARDIM AMAZONAS;PETROLINA;56318-525
Atac Sao Bernardo;Atacadão;BA;Nixon;;;;;;
Atac Sta Terezinha;Atacadao;BA;Nixon;48;32;RODOVIA BA 046 80;SANTA TEREZINHA;SANTO ANTONIO DE JESUS;44445-450
Atacadao Alagoinhas;Atacadao;BA;Nixon;48;21;AVENIDA GOVERNADOR LANDULFO ALVES 300;RIACHO DO MEL;ALAGOINHAS;48005-880
Atacadao Brotas;Atacadao;BA;Nixon;2;72;AV MARIO LEAL FERREIRA 500;BROTAS;SALVADOR;40285-600
Atacadao Brotas;Atacadao;BA;Nixon;48;25;AVENIDA ANTONIO CARLOS MAGALHAES 002423;BROTAS;SALVADOR;40280-000
Atacadao Brotas;Atacadao;BA;Nixon;48;23;AVENIDA MARIO LEAL FERREIRA 000876;BROTAS;SALVADOR;40285-600
Atacadao Cajazeiras VI;Atacadao;BA;Nixon;48;28;RUA COQUEIRO GRANDE 612;CAJAZEIRAS VI;SALVADOR;41342-846
Atacadao Cam Arvores;Atacadao;BA;Nixon;48;24;AVENIDA TANCREDO NEVES 003413;CAMINHO DAS ARVORES;SALVADOR;41820-021
Atacadao Camacari;Atacadao;BA;Nixon;48;26;RODOVIA BA 535  VIA PARAFUSO S/N;INDUSTRIAL;CAMACARI;42800-937
Atacadao Caminho Das Arvores;Atacadao;BA;Nixon;2;73;AV TANCREDO NEVES 3413;CAMINHO DAS ARVORES;SALVADOR;41820-021
Atacadao Canabrava;Atacadao;BA;Nixon;2;76;R ART MIO CASTRO VALENTE 1;CANABRAVA;SALVADOR;41260-300
Atacadao Centro Sul;Atacadao;BA;Nixon;210;1;RUA ARTHUR CATRAMBI 157 TERREO;CALCADA;SALVADOR;40411-370
Atacadao Hortifruti;Atacadao;BA;Nixon;2641;1;AV PROFESSOR PINTO DE AGUIAR SN;PITUACU;SALVADOR;41740-090
Atacadao IAPI;Atacadao;BA;Nixon;48;30;AVENIDA BARROS REIS 1579;IAPI;SALVADOR;40323-200
Atacadao Km 25;Atacadao;BA;Nixon;2;71;AV ENGENHEIRO WALTER ARAGAO DE SOUZA 473;KM 25;SIMOES FILHO;43700-000
Atacadao Lauro de Freitas;Atacadao;BA;Nixon;48;27;AVENIDA SANTOS DUMONT 5893;PORTAO;LAURO DE FREITAS;42712-740
Atacadao Mata Escura;Atacadao;BA;Nixon;2;77;AV CARDEAL AVELAR BRANDAO VILLELA 000279;MATA ESCURA;SALVADOR;41219-600
Atacadao Mata Escura;Atacadao;BA;Nixon;48;29;AV CARDEAL AVELAR BRANDAO VILLELA,000279;MATA ESCURA;SALVADOR;41219-600
Atacadao Parque Bela Vista;Atacadao;BA;Nixon;2;75;AV ANTONIO CARLOS MAGALHAES SN;PARQUE BELA VISTA;SALVADOR;40280-000
Atacadao Piraja;Atacadao;BA;Nixon;2;74;ROD BR 324 9069;PIRAJA;SALVADOR;41290-550
Atacadao Piraja;Atacadao;BA;Nixon;48;31;RODOVIA BR 324 008420;PORTO SECO PIRAJA;SALVADOR;41233-030
Atacadao Santa Terezinha;Atacadao;BA;Nixon;2;69;ROD BA 046 080;SANTA TEREZINHA;SANTO ANTONIO DE JESUS;44571-970
Atacadao Sede;Atacadao;BA;Nixon;2;68;ROD 110 300;SEDE;ALAGOINHAS;48010-970
Atacadao Simoes Filho;Atacadao;BA;Nixon;48;22;AV ENGENHEIRO WALTER ARAGAO DE SOUZA, 47;KM 25;SIMOES FILHO;43700-000
Atacadao Sobradinho;Atacadao;BA;Nixon;48;34;AVENIDA EDUARDO FROES DA MOTA 5500;SOBRADINHO;FEIRA DE SANTANA;44021-215
Atacadao Subae;Atacadao;BA;Nixon;2;70;AV DEPUTADO LUIS EDUARDO MAGALHAES SN;SUBAE;FEIRA DE SANTANA;44079-002
Atacadao Subae;Atacadao;BA;Nixon;48;33;AV DEPUTADO LUIS EDUARDO MAGALHAES;SUBAE;FEIRA DE SANTANA;44079-002
Atakarejo Alagoinhas;Atakarejo;BA;Ricardo;213;29;ALAMEDA DAS AGUAS SN;NOVO HORIZONTE;ALAGOINHAS;48009-886
Atakarejo Amaralina;Atakarejo;BA;Ricardo;213;8;R JANIO QUADROS, 390;AMARALINA;SALVADOR;41900-340
Atakarejo Aracaju;Atakarejo;SE;Ricardo;213;21;AVENIDA ADELIA FRANCO 2350;LUZIA;ARACAJU;49048-010
Atakarejo Baixa De Quintas;Atakarejo;BA;Ricardo;213;28;ESTRADA DA RAINHA 000646;BAIXA DE QUINTAS;SALVADOR;40300-035
Atakarejo Boca Do Rio;Atakarejo;BA;Ricardo;213;7;R ABELARDO ANDRADE DE CARVALHO,472;BOCA DO RIO;SALVADOR;41706-710
Atakarejo Cabula;Atakarejo;BA;Ricardo;213;6;ESTRADA DAS BARREIRAS;CABULA;SALVADOR;41195-001
Atakarejo Calcada;Atakarejo;BA;Ricardo;213;4;R ELIAS NAZARE 22;CALCADA;SALVADOR;40411-000
Atakarejo Camacari;Atakarejo;BA;Ricardo;213;13;JD LIMOEIRO S/N;LIMOEIRO;CAMACARI;42800-681
Atakarejo Caminho De Areia;Atakarejo;BA;Ricardo;213;3;AV TIRADENTES 88;CAMINHO DE AREIA;SALVADOR;40440-360
Atakarejo Castelo Branco;Atakarejo;BA;Ricardo;213;10;R GENARO DE CARVALHO,150;CASTELO BRANCO;SALVADOR;41320-100
Atakarejo Catu;Atakarejo;BA;Ricardo;213;41;AVENIDA PADRE CUPERTINO 00;CENTRO;CATU;48110-000
Atakarejo Cd Simoes Filho;Atakarejo;BA;Ricardo;213;12;V DE PENETRACAO I 690;CIA SUL;SIMOES FILHO;43700-000
Atakarejo Cd Vitoria Da Conquista;Atakarejo;BA;Ricardo;213;18;ROD BR 116 830;AYRTON SENNA;VITORIA DA CONQUISTA;45058-000
Atakarejo Dias Davila;Atakarejo;BA;Ricardo;213;38;RUA SEM DENOMINACAO 251;CENTRO;DIAS D'AVILA;42850-000
Atakarejo Engenho Velho De Brotas;Atakarejo;BA;Ricardo;213;15;AV VASCO DA GAMA 437;ENGENHO VELHO DE BROTAS;SALVADOR;40240-090
Atakarejo F. De S. Barauna;Atakarejo;BA;Ricardo;213;19;AVENIDA JOSE FALCAO DA SILVA 150;BARAUNA;FEIRA DE SANTANA;44020-122
Atakarejo F. De S. Eunapolis;Atakarejo;BA;Ricardo;213;39;RUA EUNAPOLIS S/N;MANGABEIRA;FEIRA DE SANTANA;44056-684
Atakarejo Fazenda Grande;Atakarejo;BA;Ricardo;213;35;RUA VEREADOR ZEZEU RIBEIRO 000111;FAZENDA GRANDE II;SALVADOR;41342-153
Atakarejo Feira Sim;Atakarejo;BA;Ricardo;213;40;AVENIDA FERNANDO PINTO DE QUEIROZ S/N;SIM;FEIRA DE SANTANA;44085-620
Atakarejo Iguatemi;Atakarejo;BA;Ricardo;213;1;AV SANTIAGO DE COMPOSTELA 425;PARQUE BELA VISTA;SALVADOR;40279-150
Atakarejo Ilha;Atakarejo;BA;Ricardo;213;17;RODOVIA BA 001 8765;COROA;VERA CRUZ;44470-000
Atakarejo Ilheus;Atakarejo;BA;Ricardo;213;20;AVENIDA TANCREDO NEVES SN;OLIVENCA;ILHEUS;45660-500
Atakarejo Itabuna;Atakarejo;BA;Ricardo;213;34;RUA B SN;NOVA CALIFORNIA;ITABUNA;45604-400
Atakarejo Itacimirim;Atakarejo;BA;Ricardo;213;16;ROD RODOVIA BA 099 DO COCO SN;ITACIMIRIM (MONTE GORDO);CAMACARI;42840-660
Atakarejo Jequie;Atakarejo;BA;Ricardo;213;26;AVENIDA PRESIDENTE JOAO GOULART 171;CENTRO;JEQUIE;45200-070
Atakarejo Lauro;Atakarejo;BA;Ricardo;213;2;AV SANTOS DUMONT 5772;ESTRADA DO COCO;LAURO DE FREITAS;42700-000
Atakarejo Lobato;Atakarejo;BA;Ricardo;213;37;AVENIDA AFRANIO PEIXOTO 003913;LOBATO;SALVADOR;40470-630
Atakarejo Patamares;Atakarejo;BA;Ricardo;213;14;AV LUIS VIANA FILHO 6282;PATAMARES;SALVADOR;41680-400
Atakarejo Periperi;Atakarejo;BA;Ricardo;213;36;RUA FREDERICO COSTA 000146;PERIPERI;SALVADOR;40725-620
Atakarejo Pernambues;Atakarejo;BA;Ricardo;213;11;AV TRANQUEDO NEVES, 3290;PERNAMBUES;SALVADOR;41100-800
Atakarejo Piata;Atakarejo;BA;Ricardo;213;5;AV OCTAVIO MANGABEIRA;PIATA;SALVADOR;41650-000
Atakarejo Pinto De Aguiar;Atakarejo;BA;Ricardo;213;31;RUA CARIMBAMBA 0000SN;PITUACU;SALVADOR;41740-010
Atakarejo Pojuca;Atakarejo;BA;Ricardo;213;33;VIA BA 533 SN;STAR;POJUCA;48120-000
Atakarejo Porto Seguro;Atakarejo;BA;Ricardo;213;22;AVENIDA IVAN COSTA RODRIGUES SN;CIDADE ALTA - SEDE;PORTO SEGURO;45810-000
Atakarejo Quintas Do Morumbi;Atakarejo;BA;Ricardo;213;24;AVENIDA DAS PALMEIRAS S/N;QUINTAS DO MORUMBI;ITAPETINGA;45700-000
Atakarejo Sao Caetano;Atakarejo;BA;Ricardo;213;27;AVENIDA PRINCESA ISABEL SN;SAO CAETANO;ITABUNA;45607-003
Atakarejo Sao Cristovao;Atakarejo;BA;Ricardo;213;9;AV SAO CRISTOVAO, 301;SALVADOR;SALVADOR;41510-333
Atakarejo Sao Goncalo Dos Campos;Atakarejo;BA;Ricardo;213;25;AVENIDA JOSE CARLOS DE LACERDA S/N;LUIZ EDUARDO MAGALHAES;SAO GONCALO DOS CAMPOS;44330-000
Atakarejo Sete De Abril;Atakarejo;BA;Ricardo;213;32;AVENIDA MARIA LUCIA 001015;SETE DE ABRIL;SALVADOR;41385-445
Atakarejo Simoes Filho Loja;Atakarejo;BA;Ricardo;213;30;AVENIDA ENG ELMO SEREJO DE FARIAS 2073;CIA I;SIMOES FILHO;43700-000
Atakarejo Vitoria Da Conquista;Atakarejo;BA;Ricardo;213;23;AVENIDA OLIVIA FLORES SN;CANDEIAS;VITORIA DA CONQUISTA;45028-100
Bontempo Petrolina;Outros;PE;Antonio;4290;1;R DOM TOMAS 80;COHAB SAO FRANCISCO;PETROLINA;56309-020
Caravelas Comercial De Alimentos;Outros;BA;Ricardo;6007;1;RUA MARECHAL DEODORO 240;CENTRO;FEIRA DE SANTANA;44002-064
Carballo Faro - Cd;Outros;BA;Ricardo;1872;2;CD;PORTO SECO PIRAJA;SALVADOR;41233-010
Carballo Faro - Cd;Outros;BA;Ricardo;2648;1;ROD BA-526 SN;JARDIM DAS MARGARIDAS;SALVADOR;41502-400
Carballo Faro - Horto;Outros;BA;Ricardo;1872;3;AV SANTA LUZIA, 985;FORTO FLORESTAL;SALVADOR;40295-050
Carballo Faro - Pituba;Outros;BA;Ricardo;1872;1;AV. PAULO VI   N1498;PITUBA;SALVADOR;41810-001
Carballo Faro Alphaville;Outros;BA;Ricardo;1872;4;AV ALPHAVILLE, 199;ALPHAVILLE I;SALVADOR;41701-015
Carrefour Atras Da Banca;Outros;PE;Antonio;4;42;R SAO VICENTE DE PAULA 219;ATRAS DA BANCA;PETROLINA;56308-050
Carrefour Petrolina Centro;Outros;PE;Antonio;7;25;AVENIDA MONSENHOR ANGELO SAMPAIO 100;CENTRO;PETROLINA;56302-290
Carrefour River Shopping;Outros;PE;Antonio;4;38;AV MONSENHOR ANGELO SAMPAIO 100;CENTRO;PETROLINA;56302-290
Cdp 7 Portas Nova;Cesta do Povo;BA;Nixon;4245;19;R CONEGO PEREIRA SN;MACAUBAS;SALVADOR;40301-155
Cdp Alagoinhas Av 24 Maio;Cesta do Povo;BA;Nixon;4245;4;AVENIDA 24 DE MAIO 17;CENTRO;ALAGOINHAS;48000-127
Cdp Alagoinhas R 24 de Maio;Cesta do Povo;BA;Ricardo;4383;1;R VINTE E QUATRO DE MAIO 17;CENTRO;ALAGOINHAS;48010-000
Cdp Armacao Stiep Armacao;Cesta do Povo;BA;Nixon;4245;1;AV PROFESSOR MANOEL RIBEIRO;ARMACAO;SALVADOR;41750-160
Cdp Boca Do Rio Pinto Aguiar I;Cesta do Povo;BA;Nixon;2647;1;R PROFESSOR PINTO DE AGUIAR SN;BOCA DO RIO;SALVADOR;41710-000
Cdp Boca Do Rio Pinto Aguiar II;Cesta do Povo;BA;Nixon;4245;17;RUA PROFESSOR PINTO DE AGUIAR 00592A;BOCA DO RIO;SALVADOR;41710-000
Cdp Castelo Branco;Cesta do Povo;BA;Ricardo;4245;7;RUA VITORINO ALVES MOITINHO S/N;CASTELO BRANCO;SALVADOR;41320-600
Cdp Catu R Desembargador I;Cesta do Povo;BA;Nixon;4382;1;R DESEMBARGADOR PEDRO RIBEIRO 62;CENTRO;CATU;48110-000
Cdp Catu R Desembargador II;Cesta do Povo;BA;Nixon;4245;18;RUA DESEMBARGADOR PEDRO RIBEIRO 62;CENTRO;CATU;48110-000
Cdp Cd Monte Libano Mata;Cesta do Povo;BA;Ricardo;5085;1;RODOVIA BA 093, DISTRITO INDUSTRIAL SN;MONTE LIBANO;MATA DE SAO JOAO;48280-000
Cdp Dias Davila Av Brasil;Cesta do Povo;BA;Nixon;4245;15;AVENIDA BRASIL- 164, CENTRO;DIAS DAVILA;DIAS D'AVILA;42850-000
Cdp Entre Rios Centro;Cesta do Povo;BA;Ricardo;4245;13;PRACA BARAO DO RIO BRANCO;CENTRO;ENTRE RIOS;48180-000
Cdp Esplanada;Cesta do Povo;BA;Ricardo;4245;12;AVENIDA MARIO ANDREAZZA - 60 CENTRO, ESP;ESPALANADA;DIAS D'AVILA;48370-000
Cdp Genaro Dias Davila;Cesta do Povo;BA;Ricardo;4245;14;AVENIDA GARCIA D AVILA - S/N, GENARO;GENARO;DIAS D'AVILA;42850-000
Cdp Manoel Dias Davila;Cesta do Povo;BA;Ricardo;4245;6;AVENIDA BRASIL 09;CENTRO;DIAS D'AVILA;42850-000
Cdp Marechal Rondon;Cesta do Povo;BA;Ricardo;4245;9;RUA VICENTE CELESTINO 000009;MARECHAL RONDON;SALVADOR;41280-000
Cdp Mata Barao Acu;Cesta do Povo;BA;Nixon;4245;2;PC BARAO ACU DA TORRE 41;CENTRO - SEDE;MATA DE SAO JOAO;48280-000
Cdp Mata Centro - Sede;Cesta do Povo;BA;Nixon;4245;16;RUA SANTOS DUMONT S/N;CENTRO - SEDE;MATA DE SAO JOAO;48280-000
Cdp Mata Escura;Cesta do Povo;BA;Ricardo;4491;1;RUA PROFESSOR ITAZIL BENICIO 290;MATA ESCURA;SALVADOR;41225-700
Cdp Mata Premium R Luiz Antonio;Cesta do Povo;BA;Nixon;4245;3;RUA LUIZ ANTONIO GARCEZ S/N;CENTRO - SEDE;MATA DE SAO JOAO;48280-000
Cdp Mata R Artur Torres;Cesta do Povo;BA;Nixon;4245;11;RUA ARTUR TORRES 17;CENTRO - SEDE;MATA DE SAO JOAO;48280-000
Cdp Mussurunga;Cesta do Povo;BA;Ricardo;2646;1;R DOUTOR ARTHUR COUTO 3;MUSSURUNGA I;SALVADOR;41490-350
Cdp Ogunja Brotas;Cesta do Povo;BA;Ricardo;2644;1;AV GENERAL GRACA LESSA  888;ACUPE DE BROTAS;SALVADOR;40290-110
Cdp Ogunja Brotas;Cesta do Povo;BA;Nixon;4245;8;AVENIDA GENERAL GRACA LESSA 000888;ACUPE DE BROTAS;SALVADOR;40290-110
Cdp Rodoviaria Pernambues;Cesta do Povo;BA;Nixon;4245;5;AVENIDA ANTONIO CARLOS MAGALHAES 4362;PERNAMBUES;SALVADOR;41110-700
Cdp Sao Caetano;Cesta do Povo;BA;Ricardo;4245;10;ESTRADA DE CAMPINAS 0;SAO CAETANO;SALVADOR;40391-160
Cdp Sete Portas Barbalho;Cesta do Povo;BA;Nixon;2797;1;R CONEGO PEREIRA SN;BARBALHO;SALVADOR;40300-756
Centro De Distribuicao Brasil;Outros;BA;Antonio;4585;1;FAZENDA NOVILHAS SN;ZONA RURAL;CAPIM GROSSO;44695-000
Citrus E Cia;Outros;SE;Vinicius;313;1;AV PREFEITO HERACLITO ROLLEMBERG , 1570;FAROLANDIA;ARACAJU;49030-640
Coageli Lauro;Redemix;BA;Vinicius;208;2;PC MARTINIANO MAIA. 93;CENTRO;LAURO DE FREITAS;42702-720
Cogeali Paripe;Redemix;BA;Vinicius;208;1;RUA DR EDUARDO DOTTO 81;PARIPE;SALVADOR;40800-010
Compre Bem Alagoinhas;Outros;BA;Ricardo;2819;1;AV AYRTON SENNA DA SILVA  SN;ALAGOINHAS VELHA;ALAGOINHAS;48030-640
Deli E Cia Graca;Outros;BA;Ricardo;218;1;AV EUCLIDES DA CUNHA 79;GRACA;SALVADOR;40150-120
Destak Embalagens Nutri Prime.;Outros;BA;Antonio;4614;1;RODOVIA BR 407 SN;DISTRITO INDUSTRIAL;JUAZEIRO;48909-725
Disgal;Outros;BA;Ricardo;6010;1;RUA CICERO DANTAS 9;PONTO CENTRAL;FEIRA DE SANTANA;44075-105
Dist Sao Roque  Mangabeira;Outros;BA;Vinicius;1600;3;AV FRANCISCO FRAGA MAIA SN;MANGABEIRA;FEIRA DE SANTANA;44056-232
Dist Sao Roque Calumbi;Outros;BA;Vinicius;1600;4;R TOME DE SOUZA 259;CALUMBI;FEIRA DE SANTANA;44008-405
Dist Sao Roque Centro;Outros;BA;Vinicius;1600;2;R CASTRO ALVES 1473;CENTRO;FEIRA DE SANTANA;44001-184
Dist Sao Roque Conceicao;Outros;BA;Vinicius;1600;7;RUA CALAMAR 267;CONCEICAO;FEIRA DE SANTANA;44065-104
Dist Sao Roque Sim;Outros;BA;Vinicius;1600;5;AV ARTEMIA PIRES FREITAS CN;SIM;FEIRA DE SANTANA;44085-370
Dist Sao Roque Sta Monica;Outros;BA;Vinicius;1600;1;AV EDUARDO FROES DA MOTA;SANTA MONICA;FEIRA DE SANTANA;44078-015
Dist Sao Roque Sto Estevao;Outros;BA;Vinicius;1600;6;AVENIDA GETULIO VARGAS 197;CENTRO;SANTO ESTEVAO;44190-000
Distribuidora E Sacolao Sabor Da Fruta;Outros;PE;Antonio;3009;1;AV FERNANDO FARIAS 460;ANTONIO CASSIMIRO;PETROLINA;56321-630
Economart Barreiras;Economart;BA;Nixon;6049;5;AVENIDA AHYLON MACEDO 745;MORADA NOBRE;BARREIRAS;47810-035
Economart Feira De Santana;Economart;BA;Nixon;6049;1;RUA PASSO ALEGRE S/N;LAGOA SALGADA;FEIRA DE SANTANA;44082-150
Economart Jequie;Economart;BA;Nixon;6049;3;AVENIDA GOVERNADOR LOMANTO JUNIOR 1981;JOAQUIM ROMAO;JEQUIE;45200-565
Economart Luis Eduardo;Economart;BA;Nixon;6049;4;AVENIDA ARNALDO HORACIO FERREIRA 228;BOA VISTA;LUIS EDUARDO MAGALHAES;47853-054
Economart Santo Antonio;Economart;BA;Nixon;6049;6;AVENIDA COSME E DAMIAO 555;ANDAIA;SANTO ANTONIO DE JESUS;44434-040
Economart Vitoria Da Conquista;Economart;BA;Nixon;6049;2;AVENIDA BRUMADO 2295;BATEIAS;VITORIA DA CONQUISTA;45052-000
Economia Da Praca;Outros;BA;Nixon;3003;1;R CONSELHEIRO JUNQUEIRA  912;CATU;ALAGOINHAS;48090-021
Eko Express Aracaju;Outros;SE;Vinicius;4640;1;AVENIDA PRES TANCREDO NEVES 670;JARDINS;ARACAJU;49025-620
Exito Supermercado Lagarto;Outros;SE;Vinicius;6123;1;RUA DR  LAUDELINO FREIRE 390;CENTRO;LAGARTO;49400-000
Feirao Das Frutas Atras Da Banca;Outros;PE;Antonio;1926;1;RUA SAO FRANCISCO N 559;ATRAS DA BANCA;PETROLINA;56308-060
Feirao Das Frutas Maria Auxiliadora I;Outros;PE;Antonio;1926;2;AV MONSENHOR ANGELO SAMPAIO 487;MARIA AUXILIADORA;PETROLINA;56330-300
Feirao Das Frutas Maria Auxiliadora II;Outros;PE;Antonio;2764;1;AV MONSENHOR ANGELO SAMPAIO 487;MARIA AUXILIADORA;PETROLINA;56330-300
Fort Fruit Petrolina;Outros;PE;Antonio;1503;1;RODOVIA BR-122;LOTEAMENTO RECIFE;PETROLINA;56320-700
Friozem Armazens;Outros;BA;Vinicius;5099;1;RODOVIA BA 093 04120;PALMARES;SIMOES FILHO;43700-000
Frutart Com;Outros;BA;Antonio;320;1;ROD LOMANTO JUNIOR KM 05 , 15/16;TANCREDO NEVES;JUAZEIRO;48900-420
Frutos Da Terra;Outros;PE;Antonio;259;1;R DR JULIO DE MELO , 538;CENTRO;PETROLINA;56302-150
GBarbosa  - Rio Mar;Cencosud;SE;Vinicius;82;53;AV LUIZ LUA GONZAGA 400;COROA DO MEIO;ARACAJU;49035-500
GBarbosa  Cj. Augusto Franco;Cencosud;SE;Vinicius;82;58;AV HERACLITO ROLLEMBERG 2676;CJ. AUGUSTO FRANCO;ARACAJU;49030-640
Gbarbosa  Sao Cristovao;Cencosud;SE;Vinicius;82;74;AVENIDA AYRTON SENNA S/N;CONJ. ROSA MARIA;SAO CRISTOVAO;49100-000
Gbarbosa 015 Feira Vasco Filho;Cencosud;BA;Vinicius;82;15;RUA VASCO FILHO S/N;CENTRO;FEIRA DE SANTANA;44025-290
Gbarbosa 016 Feira Barao;Cencosud;BA;Vinicius;82;16;RUA BARAO DE COTEGIPE, 1106;CENTRO;FEIRA DE SANTANA;44025-030
Gbarbosa 017 Feira Marechal;Cencosud;BA;Vinicius;82;17;RUA MARECHAL DEODORO,245;CENTRO;FEIRA DE SANTANA;44010-250
Gbarbosa 018 Esplanada;Cencosud;BA;Vinicius;82;18;PRACA.LADISLAU CAVALCANTE,18;CENTRO;ESPLANADA;48370-000
Gbarbosa 029 Feira Cidade Nova;Cencosud;BA;Vinicius;82;19;AV.EDUARDO FROES DA MOTA,6281;CIDADE NOVA;FEIRA DE SANTANA;44030-730
Gbarbosa 029 Iguatemi;Cencosud;BA;Vinicius;82;8;AV ANTONIO CARLOS MAGALHAES, 4479;BROTAS;SALVADOR;40280-000
Gbarbosa 032 Ribeira Do Pombal;Cencosud;BA;Vinicius;82;20;AV.EVENCIA BRITO S/N;CENTRO;RIBEIRA DO POMBAL;48400-000
Gbarbosa 035 Costa Azul;Cencosud;BA;Vinicius;82;9;RUA ARTHUR AZEVEDO MACHADO 3443;COSTA AZUL;SALVADOR;41760-000
Gbarbosa 036 Paulo Afonso;Cencosud;BA;Vinicius;82;21;AV.APOLONIO SALE;CENTRO;PAULO AFONSO;48608-100
Gbarbosa 037 Alagoinhas Dr Dantas;Cencosud;BA;Vinicius;82;22;RUA DR.DANTAS BIAO S/N;CENTRO;ALAGOINHAS;48000-000
Gbarbosa 038 Alagoinhas Praça Bandeira;Cencosud;BA;Vinicius;82;23;PRACA DA BANDEIRA 01;CENTRO;ALAGOINHAS;48005-170
Gbarbosa 039 Alagoinhas Padre Alfredo;Cencosud;BA;Vinicius;82;24;PRACA PADRE ALFREDO,86;CENTRO;ALAGOINHAS;48050-010
Gbarbosa 074 Feira Sobradinho;Cencosud;BA;Vinicius;82;25;R.DR ARIOVALDO DE CARVALHO 780;SOBRADINHO;FEIRA DE SANTANA;44020-010
Gbarbosa 076 Feira Tomba;Cencosud;BA;Vinicius;82;26;RUA COMENDADOR GOMES S/N;TOMBA;FEIRA DE SANTANA;44064-000
Gbarbosa 088 Av San Martin;Cencosud;BA;Vinicius;82;10;AV SAO MARTINS SN;SAN MARTIN;SALVADOR;40355-015
Gbarbosa 102 Fazenda Grande;Cencosud;BA;Vinicius;82;27;RUA MELLO MORAES 475;F. GRANDE;SALVADOR;40352-000
Gbarbosa 104 Valenca;Cencosud;BA;Vinicius;82;28;AV.INDL MARITA ALMEIDA S/N;CENTRO;VALENCA;45400-000
Gbarbosa 106 Brotas;Cencosud;BA;Vinicius;82;29;FREDERICA COSTA 534;BROTAS;SALVADOR;40243-045
Gbarbosa 108 Lauro De Freitas;Cencosud;BA;Vinicius;82;11;AV LUIS TARQUINIO 1686;CENTRO;LAURO DE FREITAS;42700-000
Gbarbosa 112 Vitoria Da Conquista;Cencosud;BA;Vinicius;82;30;AV.OLIVIA FLORES S/N;CANDEIAS;VITORIA DA CONQUISTA;45028-100
Gbarbosa 121 Piraja;Cencosud;BA;Vinicius;82;31;RUA OITO DE NOVEMBRO 06;PIRAJA;SALVADOR;41290-200
Gbarbosa 123 Brotas Ogunja;Cencosud;BA;Vinicius;82;32;VALE DO OGUNJA 304;BROTAS;SALVADOR;40290-500
Gbarbosa 139 Vitoria Da Conquista;Cencosud;BA;Vinicius;82;39;AV.JURACI MAGALHAES 3340;centro;VITORIA DA CONQUISTA;45023-490
Gbarbosa 143 Feira Brasilia;Cencosud;BA;Vinicius;82;40;AV GOV JOAO DE CARNEIRO 970;n.brasilia;FEIRA DE SANTANA;44088-031
Gbarbosa 144 Feira Centro;Cencosud;BA;Vinicius;82;41;AV GETULIO VARGAS 523;CENTRO;FEIRA DE SANTANA;44001-525
Gbarbosa 145 Feira Queimadinha;Cencosud;BA;Vinicius;82;42;AV JOSE FALCAO DA SILVA 150;QUEIMADINHA;FEIRA DE SANTANA;44050-512
Gbarbosa 151 Ilheus;Cencosud;BA;Vinicius;82;43;AV LOMANTO JUNIOR 786;CENTRO;ILHEUS;45654-000
Gbarbosa 154 Jequiezinha;Cencosud;BA;Vinicius;82;44;AV CESAR BORGES 212 ANEXO 01;JEQUIEZINHA;JEQUIE;45200-970
Gbarbosa 156 Jequie Praca Bandeira;Cencosud;BA;Vinicius;82;45;PRACA DA BANDEIRA S/N;CENTRO;JEQUIE;45200-310
Gbarbosa 158 Jequie R Francisco;Cencosud;BA;Vinicius;82;46;RUA FRANCISCO AMEIRA;CENTRO;JEQUIE;45200-090
Gbarbosa 272 Cabula;Cencosud;BA;Vinicius;82;47;RUA ESTRADA DAS BARREIRAS N°992;CABULA;SALVADOR;41185-500
Gbarbosa 274 Guarajuba;Cencosud;BA;Vinicius;82;48;RODOVIA BA 099,KM 42 S/N;GUARAJUBA;CAMACARI;42827-000
Gbarbosa 302 Horto Bela Vista;Cencosud;BA;Vinicius;82;49;ALAMEDA EUVALDO LUZ N92;HORTO BELA VISTA;SALVADOR;41098-020
Gbarbosa 306 Paulo Afonso;Cencosud;BA;Vinicius;82;50;AV JOSE HEMETERIO DE CARVALHO;PAULO AFONSO;PAULO AFONSO;48601-320
Gbarbosa 315 Serrinha Ginasio;Cencosud;BA;Vinicius;82;51;RUA LAURO MOTA, SN;GINASIO;SERRINHA;48700-000
Gbarbosa Atalaia Velha;Cencosud;SE;Vinicius;82;65;R LUIZ CHAGAS 55;ATALAIA VELHA;ARACAJU;49037-430
GBarbosa Augusto Aracaju;Cencosud;SE;Vinicius;82;57;AV AUGUSTO FRANCO 3280;PONTO NOVO;ARACAJU;49047-040
Gbarbosa Barra Dos Coqueiros;Cencosud;SE;Vinicius;82;72;AV OCEANICA 1025;CENTRO;BARRA DOS COQUEIROS;49140-970
Gbarbosa Camacari;Cencosud;BA;Vinicius;82;86;VIA DE LIGACAO CAMACARI S/N;POLO PETROQUIMICO;CAMACARI;42810-260
Gbarbosa Cd Bahia;Cencosud;BA;Vinicius;82;85;RODOVIA BA 093 4120;PALMARES;SIMOES FILHO;43700-000
Gbarbosa Cd Sergipe;Cencosud;SE;Vinicius;82;84;RODOVIA BR 235 S/N;SOBRADO;NOSSA SENHORA DO SOCORRO;49158-622
Gbarbosa CD Socorro SE;G Barbosa;SE;Vinicius;82;87;RODOVIA BR 235 S/N, SN;SOBRADO;NOSSA SENHORA DO SOCORRO;49158-622
GBarbosa Centro Aracaju;Cencosud;SE;Vinicius;82;62;AV COELHO E CAMPOS 215;CENTRO;ARACAJU;49010-720
GBarbosa Cj Orlando Dantas;Cencosud;SE;Vinicius;82;56;AV FRANCISCO JOSE FONSECA 1337;CJ. ORLANDO DANTAS;ARACAJU;49042-000
Gbarbosa Conj Bugio Aracaju;Cencosud;SE;Vinicius;82;71;AV POCO DO MERO 285;CONJUNTO BUGIO;ARACAJU;49090-000
GBarbosa Farolandia;Cencosud;SE;Vinicius;82;64;AV JOSE THOMAZ D AVILA NABUCO 945;FAROLANDIA;ARACAJU;49030-270
GBarbosa Francisco Porto;Cencosud;SE;Vinicius;82;61;AV FRANCISCO PORTO 250;SALGADO FILHO;ARACAJU;49020-120
Gbarbosa Hiper Sul;Cencosud;SE;Vinicius;82;70;AV MELICIO MACHADO 1060;ATALAIA;ARACAJU;49037-445
GBarbosa J. C. De Araujo;Cencosud;SE;Vinicius;82;63;AV OSVALDO ARANHA 1240;J. C. DE ARAUJO;ARACAJU;49085-410
Gbarbosa Jardins;Cencosud;SE;Vinicius;82;68;AV DEP SILVIO TEIXEIRA 831;JARDINS;ARACAJU;49025-100
Gbarbosa Jose Prado Aracaju;Cencosud;SE;Vinicius;82;67;R JOSE DO PRADO FRANCO 148;CENTRO;ARACAJU;49010-110
Gbarbosa Lj N. Srª Do Socorro;Cencosud;SE;Vinicius;82;82;AVENIDA COLETORA A S/N;CONJ. MARCOS FREIRE I;NOSSA SENHORA DO SOCORRO;49160-000
Gbarbosa Luzia;Cencosud;SE;Vinicius;82;73;R MINISTRO NELSON HUNGRIA 155;LUZIA;ARACAJU;49045-510
Gbarbosa Pau Da Lima;Cencosud;BA;Vinicius;82;12;RUA JAYME VIEIRA LIMA, S/N;PAU LIMA;SALVADOR;41235-000
GBarbosa Santa Maria Aracaju;Cencosud;SE;Vinicius;82;54;AV ALEXANDRO ALCINO 2155;SANTA MARIA;ARACAJU;49044-090
GBarbosa Santo Antonio Aracaju;Cencosud;SE;Vinicius;82;60;R MURIBECA 310;SANTO ANTONIO;ARACAJU;49060-470
GBarbosa Santos Dumont;Cencosud;SE;Vinicius;82;59;R MAJOR AURELIANO 305;SANTOS DUMONT;ARACAJU;49087-400
Gbarbosa Sao Jose Aracaju;Cencosud;SE;Vinicius;82;66;R GONCALO R. DO PRADO 142;SAO JOSE;ARACAJU;49010-410
Gbarbosa Siqueira Campos;Cencosud;SE;Vinicius;82;69;R CARLOS CORREIA 453;SIQUEIRA CAMPOS;ARACAJU;49075-160
Gbarbosa-125-Juazeiro Santo Antonio;Cencosud;BA;Antonio;82;33;RUA PRINCESA ISABEL;SANTO ANTONIO;JUAZEIRO;48903-130
Gbarbosa-127-Petrolina;Cencosud;PE;Antonio;82;34;AV.DOS TROPEIROS N 10;PEDRO RAIMUNDO;PETROLINA;56316-140
Gbarbosa-129-Juazeiro;Cencosud;BA;Antonio;82;35;TRAVESSA MARAVILHA 418;CENTRO;JUAZEIRO;48904-140
Gbarbosa-131-Petrolina;Cencosud;PE;Antonio;82;36;RUA DA INTEGRACAO 583;vila eduardo;PETROLINA;56328-010
Gbarbosa-133 -Juazeiro Centro;Cencosud;BA;Antonio;82;37;TRAVESSA MATATU S/N;CENTRO;JUAZEIRO;48904-570
Gbarbosa-137-Juazeiro;Cencosud;BA;Antonio;82;38;RUA PADRE ANCHIETA;centro;JUAZEIRO;45998-002
Gral Panificacao;Outros;BA;Ricardo;1824;1;ALAMEDA PADUA N 126;PITUBA;SALVADOR;41830-480
Gran Deli Delicatessen;Outros;BA;Ricardo;5090;1;R MINISTRO ANTONIO CARLOS MAGALHAES 143;BURAQUINHO;LAURO DE FREITAS;42710-400
Gran Hortifruti;Outros;BA;Ricardo;2821;1;AL DOS UMBUZEIROS 128;CAMINHO DAS ARVORES;SALVADOR;41820-680
Hieprideal Guarajuba;Hieprideal;BA;Ricardo;2613;22;ROD BA 099 ESTRADA DO COCO KM 42;GUARAJUBA (MONTE GORDO);CAMACARI;42840-310
Hiper Carne Jabotiana;Outros;SE;Vinicius;4582;1;RUA MAJ JOAO TELES 44;JABOTIANA;ARACAJU;49095-230
Hiper Carnes Barra Dos Coqueiros;Outros;SE;Vinicius;4130;1;AV OCEANICA 835;CENTRO;BARRA DOS COQUEIROS;49140-000
Hiper Ideal Cd;Hiperideal;BA;Ricardo;2613;24;R DA GRATIDAO 00;PIATA;SALVADOR;41650-195
Hiper Santos;Outros;SE;Vinicius;1372;1;R QUIRINO;DISTRITO INDUSTRIAL;ARACAJU;49065-290
Hiper Unimar Arembepe;Outros;BA;Nixon;203;2;R ALTO DA CONCEICAO SN;AREMBEPE (ABRANTES);CAMACARI;42830-570
Hiper Unimar Barra Do Pojuca;Outros;BA;Nixon;203;1;R FILOGONIO DE OLIVEIRA 141;BARRA DO POJUCA;CAMACARI;42825-000
Hiper Unimar Parque Nasc Da Capivara;Outros;BA;Nixon;203;3;R DOM PEDRO 1 SN;PARQUE NASC DA CAPIVARA;CAMACARI;42800-970
Hiperideal Alphaville;Hiperideal;BA;Ricardo;2613;32;AVENIDA ALPHAVILLE L. 03;ALPHAVILLE I;SALVADOR;41701-015
Hiperideal Amazonas;Hiperideal;BA;Ricardo;2613;27;R AMAZONAS 1541;PITUBA;SALVADOR;41830-380
Hiperideal Armacao;Hiperideal;BA;Ricardo;2613;2;AV SIMON BOLIVAR 558;ARMACAO;SALVADOR;41750-230
Hiperideal Armacao Octavio;Hiperideal;BA;Ricardo;2613;28;AV OCTAVIO MANGABEIRA, ARMACAO;ARMACAO;SALVADOR;41750-240
Hiperideal Barra;Hiperideal;BA;Ricardo;2613;11;R MARQUES DE CARAVELAS 171;BARRA;SALVADOR;40140-241
Hiperideal Buraquinho;Hiperideal;BA;Ricardo;2613;8;AV SANTOS DUMONT 7410;BURAQUINHO;LAURO DE FREITAS;42710-860
Hiperideal Caminho Das Arvores;Hiperideal;BA;Ricardo;2613;25;AL DOS SOMBREIROS 170;CAMINHO DAS ARVORES;SALVADOR;41820-420
Hiperideal Canela;Hiperideal;BA;Ricardo;2613;26;AV REITOR MIGUEL CALMON 1977;CANELA;SALVADOR;40110-100
Hiperideal Feira De Santana;Hiperideal;BA;Ricardo;2613;31;AVENIDA NOIDE FERREIRA DE CERQUEIRA S/N;LAGOA SALGADA;FEIRA DE SANTANA;44082-225
Hiperideal Graça;Hiperideal;BA;Ricardo;2613;10;AV EUCLYDES DA CUNHA 08;GRACA;SALVADOR;40150-122
Hiperideal Horto Vasco;Hiperideal;BA;Ricardo;2613;29;AV VASCO DA GAMA 864;FEDERACAO;SALVADOR;40230-731
Hiperideal Itaigara;Hiperideal;BA;Ricardo;2613;16;R ANISIO TEIXEIRA 347;ITAIGARA;SALVADOR;41815-060
Hiperideal Jardim Apipema;Hiperideal;BA;Ricardo;2613;17;R PROFESSOR SABINO SILVA 607;JARDIM APIPEMA;SALVADOR;40155-250
Hiperideal Jardins Acm;Hiperideal;BA;Ricardo;2613;30;AVENIDA JURACY MAGALHAES JUNIOR 1034;HORTO FLORESTAL;SALVADOR;40295-140
Hiperideal Manoel dias Pituba;Hiperideal;BA;Ricardo;2613;18;AV MANOEL DIAS DA SILVA 1175;PITUBA;SALVADOR;41830-000
Hiperideal Paralela;Hiperideal;BA;Ricardo;2613;13;AV LUIS VIANA FILHO 8544;PATAMARES;SALVADOR;41680-400
Hiperideal Parque Shopping Lauro;Hiperideal;BA;Ricardo;2613;21;AV SANTOS DUMONT 4360;CENTRO;LAURO DE FREITAS;42702-400
Hiperideal Patamares Ibirapitanga;Hiperideal;BA;Ricardo;2613;23;AV IBIRAPITANGA 374;PATAMARES;SALVADOR;41680-360
Hiperideal Piata Orlando Gomes;Hiperideal;BA;Ricardo;2613;19;R DA GRATIDAO SN;PIATA;SALVADOR;41650-195
Hiperideal Piata Otavio Mangabeira;Hiperideal;BA;Ricardo;2613;7;AV OCTAVIO MANGABEIRA  10241;PIATA;SALVADOR;41650-000
Hiperideal Praia do Forte;Hiperideal;BA;Ricardo;2613;14;ROD BA 099 KM 54 SN;PRAIA DO FORTE;MATA DE SAO JOAO;48280-000
Hiperideal Rua Ceara Pituba;Hiperideal;BA;Ricardo;2613;12;R RUA CEARA 339;PITUBA;SALVADOR;41830-450
Hiperideal Stella Capitao Melo;Hiperideal;BA;Ricardo;2613;5;R CAPITAO MELO 1118;STELLA MARIS;SALVADOR;41600-610
Hiperideal Stella Missionario;Hiperideal;BA;Ricardo;2613;6;R MISSIONARIO OTTO NELSON 100;STELLA MARIS;SALVADOR;41600-650
Hiperideal Tororo;Hiperideal;BA;Ricardo;2613;9;AV VALE DO TORORO SN;TORORO;SALVADOR;40050-290
Hiperideal Vila Laura;Hiperideal;BA;Ricardo;2613;15;R RAUL LEITE 46;VILA LAURA;SALVADOR;40270-010
Hiperideal Vitoria;Hiperideal;BA;Ricardo;2613;20;AV SETE DE SETEMBRO 304;CAMPO GRANDE;SALVADOR;40080-001
Hortifruti Express;Outros;SE;Vinicius;2562;1;R RADIALISTA CARLOS RODOLFO RODRIGUES GO;PONTO NOVO;ARACAJU;49097-563
Hortifruti Mendes;Outros;BA;Antonio;2990;1;TV RAIMUNDO DIAS DA SILVA 403;JARDIM FLORIDA;JUAZEIRO;48900-616
Hospital Das Clinicas De Alagoinhas S.A.;Outros;BA;Nixon;2981;1;PC RUI BARBOSA 11;CENTRO;ALAGOINHAS;48010-130
JNS Mercadinho Economico Jua;Outros;BA;Antonio;5079;2;TRAVESSA DA MARAVILHA 836;CENTRO;JUAZEIRO;48901-774
JNS Mercadinho Economico Pet Dom;Outros;PE;Antonio;5079;1;AVENIDA DA INTEGRACAO AYRTON SENNA 484;DOM MALAN;PETROLINA;56328-010
JNS Mercadinho Economico Pet Quati;Outros;PE;Antonio;5080;1;AVENIDA DOIS 166;JARDIM SAO PAULO;PETROLINA;56314-440
Ki Distribuidora E Atacado;Outros;SE;Vinicius;4586;1;RODOVIA JUSCELINO KUBITSCHEK S/N;ZONA RURAL;NOSSA SENHORA DA GLORIA;49680-000
Le Delis;Outros;BA;Nixon;4561;1;AVENIDA LUIS VIANA FILHO 6312;PATAMARES;SALVADOR;41680-400
Mabeni Aracaju;Outros;SE;Vinicius;4607;1;RUA MANOEL MESSIAS MELO 676;ARUANA;ARACAJU;49000-179
Macaxeira Alimentos Congelados;Outros;PE;Antonio;2992;1;R VINTE E QUATR0 415B;COHAB SAO FRANCISCO;PETROLINA;56302-970
Maria Suely;Outros;BA;Antonio;308;1;R MERCADO DO PRODUTOR PAVILHAO 01 , 25A2;TANCREDO NEVES;JUAZEIRO;48907-310
Massimo - Centro;Outros;SE;Vinicius;2652;3;ROD ESTADUAL SE-449 SN;CENTRO;BARRA DOS COQUEIROS;49140-000
Massimo Farolandia;Outros;SE;Vinicius;2652;2;AV DR ADEL NUNES 1059;FAROLANDIA;ARACAJU;49032-100
Massimo Luzia;Outros;SE;Vinicius;2652;1;AV HERMES FONTES  1568;LUZIA;ARACAJU;49045-760
Mateus Aracaju Santa Monica;Mateus;SE;Ricardo;2459;D5;AVENIDA JOAO RODRIGUES 582;INDUSTRIAL;ARACAJU;49065-450
Mateus Caseb Feira Lj;Mateus;BA;Ricardo;2459;D6;AVENIDA EDUARDO FROES DA MOTA SN;CASEB;FEIRA DE SANTANA;44052-151
Mateus Cd - Feira De Santana;Mateus;BA;Ricardo;1456;12;ROD BA 502 SN;BOA HORA;SAO GONCALO DOS CAMPOS;44330-000
Mateus Conceicao Do Coite;Mateus;BA;Antonio;2459;53;AV OLDACK AMANCIO ARAUJO 2135;OLHOS D AGUA;CONCEICAO DO COITE;48730-000
Mateus Eunapolis;Mateus;BA;Ricardo;2459;97;AVENIDA ANTONIO CARLOS MAGALHAES 844;IVAN MOURA;EUNAPOLIS;45830-602
Mateus Ilheus;Mateus;BA;Ricardo;2459;D7;AVENIDA MILTON SANTOS 1904;BOA VISTA;ILHEUS;45652-565
Mateus Itabuna;Mateus;BA;Ricardo;2459;98;RODOVIA BR 415 SN;PARQUE VERDE;ITABUNA;45604-811
Mateus Jacobina;Mateus;BA;Antonio;2459;34;AV CENTENARIO 532;NAZARE;JACOBINA;44700-000
Mateus Jose Conrado;Mateus;SE;Ricardo;2459;42;AV CHANC OSVALDO ARANHA 1110;JOSE CONRADO DE ARAUJO;ARACAJU;49085-100
Mateus Juazeiro;Mateus;BA;Antonio;2459;41;ROD BR 407 SN;DISTRITO INDUSTRIAL;JUAZEIRO;48909-725
Mateus N. S. da Gloria;Mateus;SE;Ricardo;2459;96;RUA PADRE JOSE  DE ANCHIETA SN;PORTAL DO SERTAO;NOSSA SENHORA DA GLORIA;49680-000
Mateus Petrolina Distrito I;Mateus;PE;Antonio;2459;33;R O SN;DISTRITO INDUSTRIAL;PETROLINA;56310-770
Mateus Petrolina Distrito II;Mateus;PE;Antonio;2459;A1;AV DOUTOR ULISSES GUIMARAES 501;DISTRITO INDUSTRIAL;PETROLINA;56310-770
Mateus Porto Seguro;Mateus;BA;Ricardo;2459;51;AV DOS TRABALHADORES SN;OUTEIRO DA GLORIA - SEDE;PORTO SEGURO;45810-000
Mateus Teixeira De Freitas;Mateus;BA;Ricardo;2459;52;AV PRESIDENTE GETULIO VARGAS 7979;SETOR BAHIA SUL;TEIXEIRA DE FREITAS;45986-330
Mateus Vitoria Da Conquista;Mateus;BA;Ricardo;2459;49;AV JURACY MAGALHAES 701;BOA VISTA;VITORIA DA CONQUISTA;45026-090
Maxxi - Pedra Do Descanso;Atacadao;BA;Nixon;48;9;AV RIO DE JANEIRO, 1565;PEDRA DO DESCANSO;FEIRA DE SANTANA;44007-775
Maxxi Bonoco;Atacadao;BA;Nixon;48;15;AV MARIO LEAL FERREIRA 780;COSME DE FARIAS;SALVADOR;40252-390
Maxxi Lauro;Atacadao;BA;Nixon;48;7;AV SANTOS DUMONT KM 3 E5 3423;CENTRO;LAURO DE FREITAS;42700-000
Maxxi Pau Da Lima;Atacadao;BA;Nixon;48;6;RUA PASTOR JOSE GUILHERME DE MORAIS 91;PAU DE LIMA;SALVADOR;41235-015
Megga Atacadista;Outros;SE;Vinicius;2776;1;TV PEDRO GARCIA MORENO NETO 25;INACIO BARBOSA;ARACAJU;49041-146
Megga Distribuidora;Outros;SE;Vinicius;4007;1;TV PEDRO GARCIA MORENO NETO 15;INACIO BARBOSA;ARACAJU;49041-146
Mel Distribuidora;Outros;SE;Vinicius;4575;1;RUA BOSCO SCAFFS 95;INACIO BARBOSA;ARACAJU;49041-060
Mer Rodrigues Jaboti;Outros;SE;Vinicius;193;3;AV TANCREDO NEVES SN;JABOTIANA;ARACAJU;49095-000
Mercado Economico Jardim Maravilha Pet;Outros;PE;Antonio;5081;1;RUA PILAO ARCADO 335;JARDIM MARAVILHA;PETROLINA;56306-680
Mercado Flor Da Chapada;Outros;BA;Ricardo;4236;1;PC FLAVIO SILVANY 162;CENTRO;ITABERABA;46880-000
Mercantil Bon Tempo;Outros;BA;Antonio;3004;1;Q B 63;CASTELO BRANCO;JUAZEIRO;48907-100
Mineirao Petrolina;Outros;PE;Antonio;2682;4;AV CORONEL CLEMENTINO COELHO 1500;DISTRITO INDUSTRIAL;PETROLINA;56308-916
Multi Frios Juazeiro;Outros;BA;Antonio;4469;1;AV MIGUEL SILVA SOUZA;PALMARES;JUAZEIRO;48901-765
Multi Frios Petrolina;Outros;PE;Antonio;4469;2;AV DA INTEGRACAO AYRTON SENNA 782 A;DOM MALAN;PETROLINA;56330-290
Pajeu Afogados Da Engazeira;Outros;PE;Antonio;2088;14;R DA LINHA 91;SAO FRANCISCO;AFOGADOS DA INGAZEIRA;56800-000
Pajeu Araripina;Outros;PE;Antonio;2088;5;AVENIDA MANOEL JACO DE SOUZA 08;ALTO DA BOA VISTA;ARARIPINA;56280-000
Pajeu Monsenhor Angelo;Outros;PE;Antonio;4673;1;AVENIDA MONSENHOR ANGELO SAMPAIO 432;VILA EDUARDO;PETROLINA;56328-000
Pajeu Oricuri Filial 20;Outros;PE;Antonio;2088;13;AVENIDA MANOEL IRINEU DE ARAUJO 453;BIGODAO;OURICURI;56200-000
Pajeu Petrolina Filial 15;Outros;PE;Antonio;2088;11;AVENIDA DOUTOR ULISSES GUIMARAES 110;JARDIM AMAZONAS;PETROLINA;56318-525
Pajeu Petrolina Km2;Outros;PE;Antonio;2088;6;R ANIZIO MOURA LEAL AV CEAP 86;km2;PETROLINA;56306-475
Pao De Acucar - Jardins;Outros;SE;Vinicius;11;58;R JOSE SEABRA BATISTA 30;JARDINS;ARACAJU;49025-750
Paris Delicatessen;Outros;BA;Ricardo;2399;1;AV PROFESSOR PINTO DE AGUIAR, 293;PITUACU;SALVADOR;41740-090
Passeo Supermercado - Zona De Expansao;Outros;SE;Vinicius;4238;1;AV JOSE DOMINGOS MAIA 10;ZONA DE EXPANSAO;ARACAJU;49009-010
Perboni Juazeiro Ba;Outros;BA;Antonio;1497;3;RODOVIA LOMANTO JUNIOR SN;TANCREDO NEVES;JUAZEIRO;48907-310
Perini - Caminho;Cencosud;BA;Vinicius;69;8;AV TANCREDO NEVES, 148;CAMINHO DAS ARVORES;SALVADOR;41820-021
Perini - Caminho Das Arvores;Cencosud;BA;Vinicius;69;12;AV TANCREDO NEVES, 2915;CAMINHO DAS ARVORES;SALVADOR;41820-020
Perini - Chame;Cencosud;BA;Vinicius;69;10;AV CENTENARIO, 2992;CHAME-CHAME;SALVADOR;40155-151
Perini - Costa Azul;Cencosud;BA;Vinicius;69;7;R ARTHUR DE AZEVEDO MACHADO, 3443;COSTA AZUL;SALVADOR;41760-000
Perini - Graca;Cencosud;BA;Nixon;69;9;AV PRINCESA LEOPOLDINA,398A;GRACA;SALVADOR;40150-080
Perini - Paralela;Cencosud;BA;Vinicius;69;11;AV LUIZ VIANA, 8544;PARALELA;SALVADOR;41730-101
Perini Barra;Cencosud;BA;Vinicius;69;2;RUA MIGUEL BURNIER 24;BARRA;SALVADOR;40140-190
Perini Federacao;Cencosud;BA;Nixon;69;6;AVENIDA VASCO DA GAMA 3051;FEDERACAO;SALVADOR;40230-731
Perini Graca;Cencosud;BA;Vinicius;69;4;AVENIDA PRINCESA LEOPOLDINA 398;GRACA;SALVADOR;40150-080
Perini Pituba;Cencosud;BA;Vinicius;69;5;RUA MARANHAO 64;PITUBA;SALVADOR;41830-260
Perini Vasco Da Gama;Cencosud;BA;Vinicius;69;3;AVENIDA VASCO DA GAMA 3051;FEDERACAO;SALVADOR;40230-731
Pga Juazeiro;Outros;BA;Antonio;2860;1;ROD BR 235 SN;TANCREDO NEVES;JUAZEIRO;48906-726
Pga Petrolina;Outros;PE;Antonio;2860;2;AVENIDA AVENIDA JOAO PERNAMBUCO 120;JATOBA;PETROLINA;56332-360
Premium Embalagens;Outros;PE;Antonio;4599;1;RUA RIO BEBERIBE 0;JOSE E MARIA;PETROLINA;56320-370
Pulvetec;Outros;PE;Antonio;2982;1;R 12 N 201;JARDIM BRASILIA;PETROLINA;56332-175
Rede Compre Bem Supermercados Ltda;Outros;BA;Nixon;4379;1;AV AYRTON SENNA SN;JAMBEIRO;ALAGOINHAS;48007-892
Rmix  Stella Maris;Redemix;BA;Vinicius;186;11;R RUBEM VALENTIM 459;STELLA MARIS;SALVADOR;41600-685
Rmix Alphaville;Redemix;BA;Vinicius;186;4;AV LUIZ VIANA, 7876;ALPHAVILLE 1;SALVADOR;41701-005
Rmix Amazonas;Redemix;BA;Vinicius;186;6;R AMAZONAS 883;PITUBA;SALVADOR;41830-380
Rmix Buraquinho;Redemix;BA;Vinicius;186;7;R PRISCILA B DUTRA 1278;BURAQUINHO;LAURO DE FREITAS;42709-200
Rmix Chame-Chame;Redemix;BA;Vinicius;186;12;RUA PROFESSOR SABINO SILVA 179;CHAME-CHAME;SALVADOR;40157-250
Rmix Horto;Redemix;BA;Vinicius;186;8;R WALDEMAR FALCAO 1017;HORTO FLORESTAL;SALVADOR;40285-885
Rmix Imbui;Redemix;BA;Vinicius;186;2;AV JORGE AMADO 980;IMBUI;SALVADOR;41720-040
Rmix Itapua;Redemix;BA;Vinicius;186;5;AV DORIVAL CAYMMI, 107;ITAPUA;SALVADOR;41635-152
Rmix Masani;Redemix;BA;Vinicius;209;1;AV PAULO VI 1932 PARQUE FLAMBOYANT;PITUBA;SALVADOR;41810-001
Rmix Ondina;Redemix;BA;Vinicius;186;9;AV ADHEMAR DE BARROS 392;ONDINA;SALVADOR;40170-110
Rmix Pitubinha;Redemix;BA;Vinicius;186;1;RUA ARTUR GOMES DE CARVALHO 246;PITUBA;SALVADOR;41810-640
Rmix Ponto Verde Iapi;Redemix;BA;Vinicius;1763;2;RUA CONDE DE PORTO ALEGRE, SN;IAPI;SALVADOR;40330-201
Rmix Ponto Verde Sete Portas;Redemix;BA;Vinicius;1763;1;LRG DAS SETE PORTAS, 06;SETE PORTAS;SALVADOR;40040-375
Rmix Ponto Verde Vila Laura;Redemix;BA;Vinicius;1763;3;RUA RAUL LEITE, 116;VILA LAURA;SALVADOR;40270-010
Rmix Rio Vermelho;Redemix;BA;Vinicius;186;13;RUA OSWALDO CRUZ 000564;RIO VERMELHO;SALVADOR;41940-000
Rmix Simoes Filho;Redemix;BA;Vinicius;186;3;AV WASHINGTON LUIZ;CENTRO;SIMOES FILHO;43700-000
Rmix Vitoria;Redemix;BA;Vinicius;186;10;AV SETE DE SETEMBRO 1839;VITORIA;SALVADOR;40080-002
Rocha Carnes - Aracaju;Outros;SE;Vinicius;4237;1;R MARIA VASCONCELOS DE ANDRADE 506;ARUANA;ARACAJU;49000-626
Rocha Carnes - Aracaju Santos Dumont;Outros;SE;Vinicius;4237;4;R MAJ AURELIANO 123;SANTOS DUMONT;ARACAJU;49087-400
Rocha Carnes - Barra Dos Coqueiros;Outros;SE;Vinicius;4237;2;AV GAL ANTONIO S. B. PIRRO 14;CONJUNTO PRISCO VIANA;BARRA DOS COQUEIROS;49140-000
Rocha Carnes - Nossa Senhora Do Socorro;Outros;SE;Vinicius;4237;3;AV A 58;MARCOS FREIRE;NOSSA SENHORA DO SOCORRO;49160-000
Roselly Ferreira Sales Da Silva Ltda;Outros;BA;Vinicius;6041;1;RUA JUVENCIO ERUDILHO SN;CENTRO;SALVADOR;44002-528
Rumo Agricola;Outros;PE;Antonio;2589;1;AV HONORATO VIANA 565;JARDIM MASSANGANO;PETROLINA;56308-000
Sacolao De Juazeiro;Outros;BA;Antonio;1467;1;R HENRIQUE ROCHA;CENTRO;JUAZEIRO;48905-120
Sams Aracaju;Sams;SE;Vinicius;47;7;AV DEP SILVIO TEIXEIRA, 870;JARDINS;ARACAJU;49025-100
Sams Bonoco;Sams;BA;Vinicius;47;10;AV MARIO LEAL FERREIRA 000780;COSME DE FARIAS;SALVADOR;40252-390
Sams Feira De Santana;Sams;BA;Vinicius;47;12;RUA CORONEL JOSE PINTO DOS SANTOS S/N;SAO JOAO;FEIRA DE SANTANA;44051-568
Sams Lauro De Freitas;Sams;BA;Vinicius;47;9;AV SANTOS DUMONT 7552;BURAQUINHO;LAURO DE FREITAS;42710-860
Sams Pituba;Sams;BA;Vinicius;47;5;AV ANTONIO CARLOS MAGALHAES 3410;PITUBA;SALVADOR;41810-150
Sao Roque Artemia Pires;Outros;BA;Vinicius;1600;8;AVENIDA ARTEMIA PIRES FREITAS 9000;SIM;FEIRA DE SANTANA;44085-370
Special Fruit Import;Outros;BA;Antonio;1528;1;RODOVIA JUAZEIRO CURACA KM 18 SN;CAJUEIRO;JUAZEIRO;48905-350
Sua Quitanda Hortifruti;Outros;SE;Vinicius;2780;1;AV FRANCISCO PORTO 772;SALGADO FILHO;ARACAJU;49020-570
Sul Frutos;Outros;BA;Antonio;311;1;R RODOVIA LOMANTO JUNIOR , SN;ALTO DO CRUZEIRO;JUAZEIRO;48900-420
Sup Bombom Estancia Centro;Outros;SE;Vinicius;4234;2;RUA DA LIBERDADE 162;CENTRO;ESTANCIA;49200-000
Sup Bombom Lagarto Centro;Outros;SE;Vinicius;4234;1;AV ZACARIAS JUNIOR 100;CENTRO;LAGARTO;49400-000
Super Rua Do Catu;Outros;BA;Nixon;2807;1;R CONSELHEIRO JUNQUEIRA 912;CATU;ALAGOINHAS;48090-021
Super Sacolao Planalto;Outros;BA;Antonio;2953;1;AV RAUL ALVES 580;SANTO ANTONIO;JUAZEIRO;48903-000
Supermercado Aruana;Outros;SE;Vinicius;4582;2;RUA MARIA VASCONCELOS DE ANDRADE 536;ARUANA;ARACAJU;49000-626
Supermercado Bombom Aracaju Grageru;Outros;SE;Vinicius;4234;3;AVENIDA DEP PEDRO VALADARES 780;GRAGERU;ARACAJU;49026-115
Supermercado Compre Bem;Outros;BA;Ricardo;4379;2;R DOUTOR CARLOS AZEVEDO;CENTRO;ALAGOINHAS;48000-191
Supermercado Compre Bem Conselheiro Junq;Outros;BA;Nixon;4379;3;AV CONSELHEIRO JUNQUEIRA;TEREZOPOLIS;ALAGOINHAS;48018-235
Supermercado Compre Bem Dantas Luma;Outros;BA;Nixon;4379;4;PC HUGO DANTAS LUMA;BARREIRO;ALAGOINHAS;48022-050
Supermercado Da Praca;Outros;BA;Nixon;4487;1;PRACA MACARIO BARRETO 230;TOMBA;FEIRA DE SANTANA;44090-288
Supermercado Jhones;Outros;BA;Ricardo;5095;1;AVENIDA MEDEIROS NETO 258;CENTRO;ITABERABA;46880-000
Supermercado Jl;Outros;BA;Ricardo;6020;1;RUA MANOEL FLORENCIO 434;SAO JOAO;ITABERABA;46880-000
Supermercado Nunes Peixoto Centro;Outros;SE;Vinicius;2997;1;PC JOAO PESSOA 99;CENTRO;ITABAIANA;49500-070
Supermercado Nunes Peixoto Novo Horizont;Outros;SE;Vinicius;2997;2;RUA MONTE ALEGRE  N 78;NOVO HORIZONTE;NOSSA SENHORA DA GLORIA;49680-000
Supermercado Sacola Cheia;Outros;BA;Antonio;2823;1;R XV DE NOVEMBRO 37;CAJUEIRO;JUAZEIRO;48904-023
Supermercado Toda Hora;Outros;BA;Nixon;2818;1;AV JURACY MAGALHAES 1274;JURACY MAGALHAES;ALAGOINHAS;48040-210
Supermercados Messias Peixoto;Outros;SE;Vinicius;4389;1;LRG JOSE DO PRADO FRANCO 62;CENTRO;ITABAIANA;49500-124
Supermercados Messias Peixoto;Outros;SE;Vinicius;4389;2;AV JOSE AMANCIO BISPO 5419;MIGUEL TELES DE MENDONCA;ITABAIANA;49505-330
Tanto Supermercado Ltda;Outros;SE;Vinicius;4003;1;R LOURIVAL CHAGAS  45;GRAGERU;ARACAJU;49025-390
Tcb-Alagoinha;Outros;BA;Nixon;226;2;VINTE E QUATRO DE MAIO 17;CENTRO;ALAGOINHAS;48010-000
Total Atacado Lauro;Outros;BA;Nixon;5116;1;AVENIDA LUIZ TARQUINIO PONTES 827;CENTRO;LAURO DE FREITAS;42702-420
Walmart - Barra;Outros;BA;Vinicius;1647;4;R BARAO DE ITAPOAN 108;BARRA;SALVADOR;40140-060
Walmart - Chame Chame;Outros;BA;Vinicius;1647;5;AV CENTENARIO 2786;CHAME-CHAME;SALVADOR;40157-151
Wlamart - Palmares;Outros;BA;Vinicius;1647;11;ROD BA 093 4120;PALMARES;SIMOES FILHO;43700-000
